{ 
    "_id" : "system.indexes", 
    "viewMode" : "table", 
    "panelWidth" : "narrow", 
    "tableDocumentView" : {
        "_id" : "id"
    }
},
{ 
    "_id" : "LAB_1_PART_3", 
    "viewMode" : "table", 
    "tableDocumentView" : {
        "_id" : "id", 
        "TerritoryID" : "Territory.TerritoryID", 
        "Name" : "Territory.Name", 
        "BusinessEntityID" : "Territory.BusinessEntity.BusinessEntityID", 
        "LastName" : "Territory.BusinessEntity.LastName", 
        "FirstName" : "Territory.BusinessEntity.FirstName"
    }
}
